_组织编码,_普通编码,_人员手机号,_phd_所属区域,_审批人,flag
a0,auto001,13671010001,测试专用,13671060124,Y
a1,auto002,13671010002,测试专用,13671060124,Y
a2,auto003,13671010003,测试专用,13671060124,Y
a3,auto004,13671010004,测试专用,13671060124,
a4,auto005,13671010005,测试专用,13671060124,
a5,auto006,13671010006,测试专用,13671060124,
a6,auto007,13671010007,测试专用,13671060124,
a7,auto008,13671010008,测试专用,13671060124,
a8,auto009,13671010009,测试专用,13671060124,
a9,auto010,13671010010,测试专用,13671060124,
b0,auto011,13671010011,测试专用,13671060124,
b1,auto012,13671010012,测试专用,13671060124,
b2,auto013,13671010013,测试专用,13671060124,
b3,auto014,13671010014,测试专用,13671060124,
b4,auto015,13671010015,测试专用,13671060124,
b5,auto016,13671010016,测试专用,13671060124,
b6,auto017,13671010017,测试专用,13671060124,
b7,auto018,13671010018,测试专用,13671060124,
b8,auto019,13671010019,测试专用,13671060124,
b9,auto020,13671010020,测试专用,13671060124,
c0,auto021,13671010021,测试专用,13671060124,
c1,auto022,13671010022,测试专用,13671060124,
c2,auto023,13671010023,测试专用,13671060124,
c3,auto024,13671010024,测试专用,13671060124,
c4,auto025,13671010025,测试专用,13671060124,
c5,auto026,13671010026,测试专用,13671060124,
c6,auto027,13671010027,测试专用,13671060124,
c7,auto028,13671010028,测试专用,13671060124,
c8,auto029,13671010029,测试专用,13671060124,
c9,auto030,13671010030,测试专用,13671060124,
d0,auto031,13671010031,测试专用,13671060124,
d1,auto032,13671010032,测试专用,13671060124,
d2,auto033,13671010033,测试专用,13671060124,
d3,auto034,13671010034,测试专用,13671060124,
d4,auto035,13671010035,测试专用,13671060124,
d5,auto036,13671010036,测试专用,13671060124,
d6,auto037,13671010037,测试专用,13671060124,
d7,auto038,13671010038,测试专用,13671060124,
d8,auto039,13671010039,测试专用,13671060124,
d9,auto040,13671010040,测试专用,13671060124,
e0,auto041,13671010041,测试专用,13671060124,
e1,auto042,13671010042,测试专用,13671060124,
e2,auto043,13671010043,测试专用,13671060124,
e3,auto044,13671010044,测试专用,13671060124,
e4,auto045,13671010045,测试专用,13671060124,
e5,auto046,13671010046,测试专用,13671060124,
e6,auto047,13671010047,测试专用,13671060124,
e7,auto048,13671010048,测试专用,13671060124,
e8,auto049,13671010049,测试专用,13671060124,
e9,auto050,13671010050,测试专用,13671060124,
f0,auto051,13671010051,测试专用,13671060124,
f1,auto052,13671010052,测试专用,13671060124,
f2,auto053,13671010053,测试专用,13671060124,
f3,auto054,13671010054,测试专用,13671060124,
f4,auto055,13671010055,测试专用,13671060124,
f5,auto056,13671010056,测试专用,13671060124,
f6,auto057,13671010057,测试专用,13671060124,
f7,auto058,13671010058,测试专用,13671060124,
f8,auto059,13671010059,测试专用,13671060124,
f9,auto060,13671010060,测试专用,13671060124,
g0,auto061,13671010061,测试专用,13671060124,
g1,auto062,13671010062,测试专用,13671060124,
g2,auto063,13671010063,测试专用,13671060124,
g3,auto064,13671010064,测试专用,13671060124,
g4,auto065,13671010065,测试专用,13671060124,
g5,auto066,13671010066,测试专用,13671060124,
g6,auto067,13671010067,测试专用,13671060124,
g7,auto068,13671010068,测试专用,13671060124,
g8,auto069,13671010069,测试专用,13671060124,
g9,auto070,13671010070,测试专用,13671060124,
h0,auto071,13671010071,测试专用,13671060124,
h1,auto072,13671010072,测试专用,13671060124,
h2,auto073,13671010073,测试专用,13671060124,
h3,auto074,13671010074,测试专用,13671060124,
h4,auto075,13671010075,测试专用,13671060124,
h5,auto076,13671010076,测试专用,13671060124,
h6,auto077,13671010077,测试专用,13671060124,
h7,auto078,13671010078,测试专用,13671060124,
h8,auto079,13671010079,测试专用,13671060124,
h9,auto080,13671010080,测试专用,13671060124,
i0,auto081,13671010081,测试专用,13671060124,
i1,auto082,13671010082,测试专用,13671060124,
i2,auto083,13671010083,测试专用,13671060124,
i3,auto084,13671010084,测试专用,13671060124,
i4,auto085,13671010085,测试专用,13671060124,
i5,auto086,13671010086,测试专用,13671060124,
i6,auto087,13671010087,测试专用,13671060124,
i7,auto088,13671010088,测试专用,13671060124,
i8,auto089,13671010089,测试专用,13671060124,
i9,auto090,13671010090,测试专用,13671060124,
j0,auto091,13671010091,测试专用,13671060124,
j1,auto092,13671010092,测试专用,13671060124,
j2,auto093,13671010093,测试专用,13671060124,
j3,auto094,13671010094,测试专用,13671060124,
j4,auto095,13671010095,测试专用,13671060124,
j5,auto096,13671010096,测试专用,13671060124,
j6,auto097,13671010097,测试专用,13671060124,
j7,auto098,13671010098,测试专用,13671060124,
j8,auto099,13671010099,测试专用,13671060124,
j9,auto100,13671010100,测试专用,13671060124,
k0,auto101,13671010101,测试专用,13671060124,
k1,auto102,13671010102,测试专用,13671060124,
k2,auto103,13671010103,测试专用,13671060124,
k3,auto104,13671010104,测试专用,13671060124,
k4,auto105,13671010105,测试专用,13671060124,
k5,auto106,13671010106,测试专用,13671060124,
k6,auto107,13671010107,测试专用,13671060124,
k7,auto108,13671010108,测试专用,13671060124,
k8,auto109,13671010109,测试专用,13671060124,
k9,auto110,13671010110,测试专用,13671060124,
l0,auto111,13671010111,测试专用,13671060124,
l1,auto112,13671010112,测试专用,13671060124,
l2,auto113,13671010113,测试专用,13671060124,
l3,auto114,13671010114,测试专用,13671060124,
l4,auto115,13671010115,测试专用,13671060124,
l5,auto116,13671010116,测试专用,13671060124,
l6,auto117,13671010117,测试专用,13671060124,
l7,auto118,13671010118,测试专用,13671060124,
l8,auto119,13671010119,测试专用,13671060124,
l9,auto120,13671010120,测试专用,13671060124,
m0,auto121,13671010121,测试专用,13671060124,
m1,auto122,13671010122,测试专用,13671060124,
m2,auto123,13671010123,测试专用,13671060124,
m3,auto124,13671010124,测试专用,13671060124,
m4,auto125,13671010125,测试专用,13671060124,
m5,auto126,13671010126,测试专用,13671060124,
m6,auto127,13671010127,测试专用,13671060124,
m7,auto128,13671010128,测试专用,13671060124,
m8,auto129,13671010129,测试专用,13671060124,
m9,auto130,13671010130,测试专用,13671060124,
n0,auto131,13671010131,测试专用,13671060124,
n1,auto132,13671010132,测试专用,13671060124,
n2,auto133,13671010133,测试专用,13671060124,
n3,auto134,13671010134,测试专用,13671060124,
n4,auto135,13671010135,测试专用,13671060124,
n5,auto136,13671010136,测试专用,13671060124,
n6,auto137,13671010137,测试专用,13671060124,
n7,auto138,13671010138,测试专用,13671060124,
n8,auto139,13671010139,测试专用,13671060124,
n9,auto140,13671010140,测试专用,13671060124,
o0,auto141,13671010141,测试专用,13671060124,
o1,auto142,13671010142,测试专用,13671060124,
o2,auto143,13671010143,测试专用,13671060124,
o3,auto144,13671010144,测试专用,13671060124,
o4,auto145,13671010145,测试专用,13671060124,
o5,auto146,13671010146,测试专用,13671060124,
o6,auto147,13671010147,测试专用,13671060124,
o7,auto148,13671010148,测试专用,13671060124,
o8,auto149,13671010149,测试专用,13671060124,
o9,auto150,13671010150,测试专用,13671060124,
p0,auto151,13671010151,测试专用,13671060124,
p1,auto152,13671010152,测试专用,13671060124,
p2,auto153,13671010153,测试专用,13671060124,
p3,auto154,13671010154,测试专用,13671060124,
p4,auto155,13671010155,测试专用,13671060124,
p5,auto156,13671010156,测试专用,13671060124,
p6,auto157,13671010157,测试专用,13671060124,
p7,auto158,13671010158,测试专用,13671060124,
p8,auto159,13671010159,测试专用,13671060124,
p9,auto160,13671010160,测试专用,13671060124,
q0,auto161,13671010161,测试专用,13671060124,
q1,auto162,13671010162,测试专用,13671060124,
q2,auto163,13671010163,测试专用,13671060124,
q3,auto164,13671010164,测试专用,13671060124,
q4,auto165,13671010165,测试专用,13671060124,
q5,auto166,13671010166,测试专用,13671060124,
q6,auto167,13671010167,测试专用,13671060124,
q7,auto168,13671010168,测试专用,13671060124,
q8,auto169,13671010169,测试专用,13671060124,
q9,auto170,13671010170,测试专用,13671060124,
r0,auto171,13671010171,测试专用,13671060124,
r1,auto172,13671010172,测试专用,13671060124,
r2,auto173,13671010173,测试专用,13671060124,
r3,auto174,13671010174,测试专用,13671060124,
r4,auto175,13671010175,测试专用,13671060124,
r5,auto176,13671010176,测试专用,13671060124,
r6,auto177,13671010177,测试专用,13671060124,
r7,auto178,13671010178,测试专用,13671060124,
r8,auto179,13671010179,测试专用,13671060124,
r9,auto180,13671010180,测试专用,13671060124,
s0,auto181,13671010181,测试专用,13671060124,
s1,auto182,13671010182,测试专用,13671060124,
s2,auto183,13671010183,测试专用,13671060124,
s3,auto184,13671010184,测试专用,13671060124,
s4,auto185,13671010185,测试专用,13671060124,
s5,auto186,13671010186,测试专用,13671060124,
s6,auto187,13671010187,测试专用,13671060124,
s7,auto188,13671010188,测试专用,13671060124,
s8,auto189,13671010189,测试专用,13671060124,
s9,auto190,13671010190,测试专用,13671060124,
t0,auto191,13671010191,测试专用,13671060124,
t1,auto192,13671010192,测试专用,13671060124,
t2,auto193,13671010193,测试专用,13671060124,
t3,auto194,13671010194,测试专用,13671060124,
t4,auto195,13671010195,测试专用,13671060124,
t5,auto196,13671010196,测试专用,13671060124,
t6,auto197,13671010197,测试专用,13671060124,
t7,auto198,13671010198,测试专用,13671060124,
t8,auto199,13671010199,测试专用,13671060124,
t9,auto200,13671010200,测试专用,13671060125,
